<?xml version="1.0" encoding="utf-8"?>
<objects
	xmlns="http://www.springactionscript.org/schema/objects"
	xmlns:xsi="http://www.w3.org/2001/XMLSchema-instance"
	xsi:schemaLocation="http://www.springactionscript.org/schema/objects
		http://www.springactionscript.org/schema/objects/spring-actionscript-objects-1.0.xsd"
	>
	
	<!-- PROCESSOR -->	
	
	<object 
		id="autowiringStageProcessor" 
		class="org.springextensions.actionscript.stage.DefaultAutowiringStageProcessor"
		/>
		
	<object 
		id="eventhandlerProcessor" 
		class="org.springextensions.actionscript.ioc.factory.config.EventHandlerMetadataProcessor"
		/>
		
	<object 
		id="routeEventsProcessor" 
		class="org.springextensions.actionscript.ioc.factory.config.RouteEventsMetaDataProcessor"
		/>
	
	<!-- SERVICE -->	
<!--	
	<object 
		id="appRemoteObject" 
		class="mx.rpc.remoting.mxml.RemoteObject"
		/>
-->	
	<!-- DELEGATE -->	
<!--	
	<object 
		id="appDelegate" 
		class="com.masuland.loginexample.business.AppAmfDelegate"
		/>
-->	
	<object 
		id="appDelegate" 
		class="com.masuland.loginexample.business.AppMockDelegate"
		/>
	
	<!-- CONTROLLER -->	
	
	<object 
		id="appController" 
		class="com.masuland.loginexample.action.AppController"
		/>
	
	<!-- MODEL -->	
	
	<object 
		id="appModel" 
		class="com.masuland.loginexample.data.AppModel"
		/>

	<!-- CODE BEHIND -->
	
	<object 
		id="appViewCP" 
		class="com.masuland.loginexample.view.component.AppViewCP"
		/>

	<object 
		id="settingsBoxCP" 
		class="com.masuland.loginexample.view.component.SettingsBoxCP"
		/>
	
	<object
		id="layoutStackCP"
		class="com.masuland.loginexample.view.component.LayoutStackCP"
		/>
	
	<object
		id="appStackCP"
		class="com.masuland.loginexample.view.component.AppStackCP"
		/>
	
	<object 
		id="loginBoxCP" 
		class="com.masuland.loginexample.view.component.LoginBoxCP"
		/>

	<object 
		id="userBoxCP" 
		class="com.masuland.loginexample.view.component.UserBoxCP"
		/>

</objects>





