<data
    xmlns:xsi="http://www.w3.org/2001/XMLSchema-instance"
	>
	<questionVO>
		<langVO code="en_US" value="How Many Gods Do You Want To Worship?" />
		<langVO code="de_DE" value="Wieviele Goetter moechtest Du anbeten?" />
		<choiceVO type="many">
			<langVO code="en_US" value="Many Of Them" />
			<langVO code="de_DE" value="Viele" />
			<questionVO>
				<langVO code="en_US" value="Do You Want To Be Reincarnated?" />
				<langVO code="de_DE" value="Moechtest Du wiedergeboren werden?" />
				<choiceVO type="yes">
					<langVO code="en_US" value="Yes" />
					<langVO code="de_DE" value="Ja" />
						<questionVO>
							<langVO code="en_US" value="Do you own a black cat?" />
							<langVO code="de_DE" value="Besitzt Du eine schwarze Katze?" />
							<choiceVO type="yes">
								<langVO code="en_US" value="Yes" />
								<langVO code="de_DE" value="Ja" />
								<resultVO
									imgUrl="content/images/wiccan.png"
									>
									<langVO code="en_US" value="You Should be a Wiccan." />
									<langVO code="de_DE" value="Du solltest Wiccan werden." />
								</resultVO>
							</choiceVO>
							<choiceVO type="no">
								<langVO code="en_US" value="No" />
								<langVO code="de_DE" value="Nein" />
								<questionVO>
									<langVO code="en_US" value="Do You Prefer Indian Takeout or Chinese Takeout?" />
									<langVO code="de_DE" value="Bevorzugst Du indisches oder chinesisches Takeout?" />
									<choiceVO type="indian">
										<langVO code="en_US" value="Indian" />
										<langVO code="de_DE" value="Indisch" />
										<resultVO
											imgUrl="content/images/hindu.png"
											>
											<langVO code="en_US" value="You Should be a Hindu." />
											<langVO code="de_DE" value="Du solltest ein Hindu werden." />
										</resultVO>
									</choiceVO>
									<choiceVO type="chinese">
										<langVO code="en_US" value="Chinese" />
										<langVO code="de_DE" value="Chinesisch" />
										<resultVO
											imgUrl="content/images/buddhist.png"
											>
											<langVO code="en_US" value="You Should be a Buddhist." />
											<langVO code="de_DE" value="Du solltest ein Buddhist werden." />
										</resultVO>
									</choiceVO>
								</questionVO>
							</choiceVO>
						</questionVO>
					</choiceVO>
					<choiceVO type="no">
						<langVO code="en_US" value="No" />
						<langVO code="de_DE" value="Nein" />
						<resultVO
							imgUrl="content/images/mayan.png"
							>
							<langVO code="en_US" value="You Should Follow the Mayan Religion." />
							<langVO code="de_DE" value="Du solltest der Mayan Religion beitreten." />
						</resultVO>
					</choiceVO>
				</questionVO>
			</choiceVO>
		<choiceVO type="one">
			<langVO code="en_US" value="One" />
			<langVO code="de_DE" value="Einen" />
			<questionVO>
				<langVO code="en_US" value="How Do You Feel About Bacon?" />
				<langVO code="de_DE" value="Was denkst Du ueber Schinken?" />
				<choiceVO type="no">
					<langVO code="en_US" value="Hate Bacon" />
					<langVO code="de_DE" value="Ich hasse Schinken" />
					<questionVO>
						<langVO code="en_US" value="How Do You Feel About Hummus?" />
						<langVO code="de_DE" value="Was denkst Du ueber Hummus?" />
						<choiceVO type="no">
							<langVO code="en_US" value="I hate Hummus" />
							<langVO code="de_DE" value="Ich hasse Hummus" />
							<resultVO
								imgUrl="content/images/jewish.png"
								>
								<langVO code="en_US" value="You Should be Jewish." />
								<langVO code="de_DE" value="Du solltest Jude werden." />
							</resultVO>
						</choiceVO>
						<choiceVO type="yes">
							<langVO code="en_US" value="I love Hummus" />
							<langVO code="de_DE" value="Ich liebe Hummus" />
							<resultVO
								imgUrl="content/images/muslim.png"
								>
								<langVO code="en_US" value="You Should be Muslim." />
								<langVO code="de_DE" value="Du solltest Moslem werden." />
							</resultVO>
						</choiceVO>
					</questionVO>
				</choiceVO>
				<choiceVO type="yes">
					<langVO code="en_US" value="I love Bacon" />
					<langVO code="de_DE" value="Ich liebe Schinken" />
					<questionVO>
						<langVO code="en_US" value="Are You a Naturally Annoying Person?" />
						<langVO code="de_DE" value="Bist Du eine von Natur aus anstrengende Person?" />
						<choiceVO type="no">
							<langVO code="en_US" value="No" />
							<langVO code="de_DE" value="Nein" />
							<resultVO
								imgUrl="content/images/christian.png"
								>
								<langVO code="en_US" value="You Should be Christian." />
								<langVO code="de_DE" value="Du solltest Christ werden." />
							</resultVO>
						</choiceVO>
						<choiceVO type="yes">
							<langVO code="en_US" value="Yes" />
							<langVO code="de_DE" value="Ja" />
							<questionVO>
								<langVO code="en_US" value="Do You Think Underware Can Be Magical?" />
								<langVO code="de_DE" value="Glaubst Du, dass Unterwaesche magisch sein kann?" />
								<choiceVO type="no">
									<langVO code="en_US" value="No" />
									<langVO code="de_DE" value="Nein" />
									<resultVO
										imgUrl="content/images/jehowah.png"
										>
										<langVO code="en_US" value="You Should be a Jehowah's Witness." />
										<langVO code="de_DE" value="Du solltest ein Zeuge Jehovah's werden." />
									</resultVO>
								</choiceVO>
								<choiceVO type="yes">
									<langVO code="en_US" value="Yes" />
									<langVO code="de_DE" value="Ja" />
									<resultVO
										imgUrl="content/images/mormon.png"
										>
										<langVO code="en_US" value="You Should Be a Mormon." />
										<langVO code="de_DE" value="Du solltest Mormone werden." />
									</resultVO>
								</choiceVO>
							</questionVO>
						</choiceVO>
					</questionVO>
				</choiceVO>
			</questionVO>
		</choiceVO>
		<choiceVO type="none">
			<langVO code="en_US" value="None" />
			<langVO code="de_DE" value="Keinen" />
			<questionVO>
				<langVO code="en_US" value="Are You Rich And Insane?" />
				<langVO code="de_DE" value="Bist Du reich und wahnsinnig?" />
				<choiceVO type="no">
					<langVO code="en_US" value="No" />
					<langVO code="de_DE" value="Nein" />
					<resultVO
						imgUrl="content/images/atheist.png"
						>
						<langVO code="en_US" value="You Should be an Atheist." />
						<langVO code="de_DE" value="Du solltest Atheist werden." />
					</resultVO>
				</choiceVO>
				<choiceVO type="yes">
					<langVO code="en_US" value="Yes" />
					<langVO code="de_DE" value="Ja" />
					<resultVO
						imgUrl="content/images/scientologist.png"
						>
						<langVO code="en_US" value="You Should Be a Scientologist." />
						<langVO code="de_DE" value="Du solltest Scientologe werden." />
					</resultVO>
				</choiceVO>
			</questionVO>
		</choiceVO>
	</questionVO>
</data>