<?xml version="1.0" encoding="utf-8"?>
<objects
	xmlns="http://www.springactionscript.org/schema/objects"
	xmlns:xsi="http://www.w3.org/2001/XMLSchema-instance"
	xsi:schemaLocation="http://www.springactionscript.org/schema/objects
		http://www.springactionscript.org/schema/objects/spring-actionscript-objects-1.0.xsd"
	>
	
	<!-- PROCESSOR -->	
	
	<object 
		id="autowiringStageProcessor" 
		class="org.springextensions.actionscript.stage.DefaultAutowiringStageProcessor"
		/>
		
	<object 
		id="eventhandlerProcessor" 
		class="org.springextensions.actionscript.ioc.factory.config.EventHandlerMetadataProcessor"
		/>
		
	<object 
		id="routeEventsProcessor" 
		class="org.springextensions.actionscript.ioc.factory.config.RouteEventsMetaDataProcessor"
		/>
	
	<!-- SERVICE -->	
<!--	
	<object 
		id="appRemoteObject" 
		class="mx.rpc.remoting.mxml.RemoteObject"
		/>
-->	
	<!-- DELEGATE -->	
<!--	
	<object 
		id="appDelegate" 
		class="com.masuland.loginexample.business.AppAmfDelegate"
		/>
-->	
	<object 
		id="appDelegate" 
		class="com.masuland.loginexample.business.AppMockDelegate"
		/>
	
	<!-- CONTROLLER -->	
	
	<object 
		id="appController" 
		class="com.masuland.loginexample.action.AppController"
		init-method="initApp"
		/>
	
	<!-- MODEL -->	
	
	<object 
		id="appModel" 
		class="com.masuland.loginexample.data.AppModel"
		/>

	<!-- CODE BEHIND -->
	
	<object 
		id="appViewCB" 
		class="com.masuland.loginexample.view.codebehind.AppViewCB"
		/>
	
	<object 
		id="settingsBoxCB" 
		class="com.masuland.loginexample.view.codebehind.SettingsBoxCB"
		/>
	
	<object
		id="layoutStackCB"
		class="com.masuland.loginexample.view.codebehind.LayoutStackCB"
		/>
	
	<object
		id="appStackCB"
		class="com.masuland.loginexample.view.codebehind.AppStackCB"
		/>
	
	<object 
		id="loginBoxCB" 
		class="com.masuland.loginexample.view.codebehind.LoginBoxCB"
		/>

	<object 
		id="userBoxCB" 
		class="com.masuland.loginexample.view.codebehind.UserBoxCB"
		/>

</objects>





